,Date,Open,High,Low,Close,Volume
0,2023-01-01,98.54341248390912,155.99905765831932,162.3704917854682,105.63387658006282,7367415
1,2023-01-02,133.33060783255144,209.42138731094224,99.24390669809809,106.39997705027787,9549160
2,2023-01-03,65.45777021838032,110.10387353510372,94.59678971375692,108.51092519603989,12544829
3,2023-01-04,176.19657453388925,93.75484425192278,171.9364126040499,109.3634212215227,42278284
4,2023-01-05,150.34904243207149,117.14439896612272,166.08537244242794,107.39574525134988,49488948
5,2023-01-06,130.27661347942836,184.83410836066898,116.30552158944666,105.47454279496385,25145988
6,2023-01-07,190.45247775898963,134.26658442400296,179.70560899722773,103.86565982378627,8866547
7,2023-01-08,173.72572788607673,196.18464856486128,102.66578247900887,100.97872700506501,17070960
8,2023-01-09,141.46954982821518,101.46380406897522,114.16198254927784,101.5596146776927,36556046
9,2023-01-10,139.00860206052732,109.70467063583945,118.39634038780866,104.9734040345614,9444275
10,2023-01-11,86.44288391834198,207.55001239989397,128.48981396941684,106.37953469240195,30302101
11,2023-01-12,115.91805172183165,154.75944282049005,135.17654031247906,105.68427529500455,41257309
12,2023-01-13,174.8373006618771,162.3612955671324,58.7611071667254,100.49510055257451,6015682
13,2023-01-14,177.59650496769888,185.20660770452236,143.13958691518826,101.73852113234561,44281853
14,2023-01-15,77.58445574879255,122.9070482979213,71.6581027005373,102.1807871397616,39158369
15,2023-01-16,72.76606901482145,111.58497378693569,144.8008702262881,100.28656719647412,18734834
16,2023-01-17,150.17946744527904,70.48329503780187,182.23150801181808,98.32898576217599,41979408
17,2023-01-18,74.69131979921637,75.20288677408925,61.84507198189314,96.8958752568958,41383330
18,2023-01-19,162.31651830998516,202.18112759311757,144.9772975205747,96.1178767477577,36841723
19,2023-01-20,173.76246464248476,122.5017648382826,147.31383855920134,97.67376317793725,23069460
20,2023-01-21,76.13228882423189,139.14692255649408,189.78261436820293,99.04340240995921,7195809
21,2023-01-22,71.34188446895597,80.10770928638763,47.40087553697911,102.54341601702504,49462430
22,2023-01-23,69.1871757091636,190.00770713700004,73.46904251901695,101.76374520684368,1615359
23,2023-01-24,90.24138910531101,112.65549038127588,85.7547366028657,101.0720596671845,6614403
24,2023-01-25,60.145564976971,79.8253338094202,108.84081930239122,103.37834544746374,21135801
25,2023-01-26,183.6648933318835,181.77721851746807,123.38456835997636,102.18180134716425,47483420
26,2023-01-27,141.02031196356614,183.023336766447,148.8225472091305,104.51263842445745,19680798
27,2023-01-28,198.22804335911658,174.26955088279556,107.66813064254501,103.99984095657655,9561160
28,2023-01-29,70.87344755755255,164.1441645943682,100.58138747792938,108.29850547562371,4662158
29,2023-01-30,132.0616047194475,207.96960528681487,84.8396391098252,109.30082063322716,44882493
30,2023-01-31,85.51674321404853,105.45500916626459,79.37997226389567,111.47960941462792,39093070
31,2023-02-01,101.80107553197303,88.73753648092767,100.41117316406194,108.95669554577256,43961166
32,2023-02-02,149.85827725151478,113.18838591162374,96.66329357593233,108.8871248290646,43205627
33,2023-02-03,93.48026404421562,164.96774631044417,55.4355959542432,110.18149932539943,11958995
34,2023-02-04,149.51360151136478,202.20101734160622,72.27404920385484,110.70616167611433,3023716
35,2023-02-05,125.59381508870621,162.25196242846528,86.07886665235681,113.57021839240818,47095539
36,2023-02-06,178.45227235546287,99.40945385073425,159.03204826987042,112.86289894164418,19152282
37,2023-02-07,161.46934823451085,55.355146906248486,166.81968542577158,112.10632735471296,1886825
38,2023-02-08,116.6420886210399,71.95027326863332,154.76033116666434,114.05434566398033,46801599
39,2023-02-09,151.25391496707533,116.71329582493104,45.08873402349204,115.93902165754426,29181705
40,2023-02-10,158.622710747517,130.20699947193825,75.47983048007401,113.35742282861193,33771845
41,2023-02-11,178.16516317038864,162.6963316571297,172.43372741206832,112.9970398018289,24375769
42,2023-02-12,73.6660899120863,186.9585435011397,45.93471587787571,114.48202450540326,10994791
43,2023-02-13,167.92301448732854,61.939279556468875,51.10553556679855,113.70104541366884,6837218
44,2023-02-14,94.13019914236418,145.90213188786117,96.44396563834371,110.12460872833185,15875391
45,2023-02-15,182.16325717168556,116.65129181973066,100.61218217838376,110.28993928559262,11406682
46,2023-02-16,66.03880410201714,179.7910154575859,160.48759987030354,107.62492100386189,18389009
47,2023-02-17,78.39114048495685,89.46775628078814,91.97037966250417,107.32959283179083,13991731
48,2023-02-18,87.70930595647188,177.5273917216005,85.67321077693755,106.3927724203686,40825457
49,2023-02-19,159.7318978428035,140.26798387856547,63.11375168432313,105.73206366091915,29672940
50,2023-02-20,147.74265233784163,111.5674969409114,139.07398516441975,104.6658868454693,33427093
51,2023-02-21,50.878235426550745,201.44556278939194,78.75587551013965,105.1598282347403,45322745
52,2023-02-22,122.44495911666763,146.9659771993296,107.13915959962395,106.7020989921573,46550252
53,2023-02-23,107.19627930200268,80.6452829456345,131.19642226151143,107.85164648460088,32844051
54,2023-02-24,107.9739631333294,78.71493018405006,94.95240355912267,107.75488455300649,31824134
55,2023-02-25,69.01715431846884,145.16670858956672,74.7399815520589,106.88224592013432,18939948
56,2023-02-26,67.490122824595,85.3591856438844,130.66604937661702,107.74706796599789,47647202
57,2023-02-27,166.59568362412557,96.21795983470994,157.6124077301879,109.23068478153444,8029225
58,2023-02-28,54.973941546851826,117.16661572364968,55.995964518200296,107.35342776812772,9627416
59,2023-03-01,109.48651000674182,175.81624708949332,113.64843448350682,106.67150968346112,7112871
60,2023-03-02,189.7414271717383,137.1148001358728,141.090967145147,105.91460462876974,12204204
61,2023-03-03,135.70395670403164,173.34171212401174,131.92435147552203,107.93833847164377,28080966
62,2023-03-04,69.86460702180588,125.83011724107747,161.96106261711253,110.65607459539571,29888031
63,2023-03-05,109.5961451834959,170.86776452055244,97.78800852075693,110.01481672315151,31221369
64,2023-03-06,98.96684359803919,157.6010497902521,68.80673389667292,112.4349749002246,20408852
65,2023-03-07,118.81752883587137,74.207242889605,106.85123836201407,113.54019231979721,29040975
66,2023-03-08,155.0215515256017,203.6223850720597,161.3302653042373,113.57828268580212,36527852
67,2023-03-09,175.25483743280608,95.21583767826704,121.06140906647029,114.27578067711318,2435895
68,2023-03-10,69.22747206970907,93.91330826872549,72.44447417159623,115.13099923589671,30216774
69,2023-03-11,98.70466259661099,163.8318055094939,94.11466411127542,112.84104286439054,15740566
70,2023-03-12,78.32518010244337,175.01766601902574,106.73502911655078,110.11415854449612,30184764
71,2023-03-13,118.27858299207686,141.14791631022078,67.12951445517393,109.55159579675485,19078714
72,2023-03-14,107.48568937142602,130.9844543911484,138.03439247067857,108.88818565181838,12630456
73,2023-03-15,86.1499554576705,95.55833345489904,156.31025729257618,108.19584307134537,4424682
74,2023-03-16,72.24682349824897,119.30981795394133,66.7523966397859,107.86319752667202,5205004
75,2023-03-17,174.26463808814515,106.14622546818376,148.67603879865806,112.02989041189967,1221447
76,2023-03-18,104.40505551308803,76.31289508104689,96.22974878923696,113.45762962700726,42074621
77,2023-03-19,74.39110581907171,150.09948756834044,114.1087118841001,114.88077101695247,27076483
78,2023-03-20,109.80526874478547,109.04231964167073,180.62634915221014,117.35456964487682,16271395
79,2023-03-21,102.81294589555901,141.44879323714463,135.47170890834732,116.23785821552994,5531498
80,2023-03-22,125.42386898688672,128.59160264040207,100.01222402256116,115.7767464796887,23855744
81,2023-03-23,100.7494241155564,168.44116763319425,106.95478369715056,116.76834266624297,12818473
82,2023-03-24,176.92028229584287,77.41497781744486,71.3598183748949,111.92429253640948,21723377
83,2023-03-25,195.8237563596262,101.01609137256912,135.7598076147503,110.74209816229038,43502122
84,2023-03-26,85.46078875280722,56.8090282181475,132.17096307482475,110.42643204910836,30386229
85,2023-03-27,67.34740260256623,80.32893073673657,89.76420859733786,109.43803814587643,8079512
86,2023-03-28,72.16248655425183,88.1261260873815,161.29047063749084,109.72950969967273,33153105
87,2023-03-29,134.70388333631445,101.92034306319289,125.59000016725133,112.60162922298505,45695109
88,2023-03-30,172.42798742172687,65.72113552845234,86.27801814603424,115.92959642635961,14450775
89,2023-03-31,95.04015777760273,113.31383656961712,71.61781795319706,115.91985821028497,25411463
90,2023-04-01,117.20445725595688,162.4614346453264,176.7585631991952,117.1670620852664,39733866
91,2023-04-02,94.37247964114349,182.48717843580027,154.83588156094288,115.96838590546061,46548387
92,2023-04-03,149.6700172680751,168.77747893037633,58.42075125854225,116.35230505626595,20150397
93,2023-04-04,78.51500171247359,182.48813937291757,152.50099598586195,119.55456635981207,47898164
94,2023-04-05,62.351314349318606,141.36711627428534,96.27528236236661,120.02485956356577,31913303
95,2023-04-06,198.20884229526197,193.90134436653494,47.8471386090331,120.23912674557415,29438784
96,2023-04-07,141.63082177497398,77.58817163717302,140.2341056333633,119.35770692607929,49204464
97,2023-04-08,184.43266285688023,118.43894541824474,62.65906992795837,120.1801274881422,25846237
98,2023-04-09,110.43555881954845,87.339682158475,116.41986794588911,120.92490978099711,49764595
99,2023-04-10,159.32041890778262,128.1311341535499,95.37527454994148,120.57163744128498,17645455
100,2023-04-11,111.75455731630647,189.40013567098288,181.47329978769488,121.68918695354941,18538371
101,2023-04-12,130.77733965806658,117.44070129664802,164.82627866569757,119.90791348729276,16974450
102,2023-04-13,143.5581147038792,91.97220010389182,102.86456615917771,115.93731175917831,39749236
103,2023-04-14,178.1464422948226,114.32936197600296,65.69962488115372,116.5081659153174,27420468
104,2023-04-15,70.72730166168455,173.65608034031126,74.53823629453926,114.85722894855218,5702312
105,2023-04-16,165.53972491895462,129.98340733092954,72.74495614511346,115.78295822054493,6551138
106,2023-04-17,104.27957241173456,60.57569048622523,71.41363167222335,113.10875041995632,6353297
107,2023-04-18,65.78191423346318,153.709314200983,133.7698154827885,110.91749056588505,8717499
108,2023-04-19,145.87242058401165,55.12653619221098,66.94417811731067,112.9282112474475,14571519
109,2023-04-20,84.4126413011735,99.81455619566205,169.88205125070886,113.60280192826632,15872064
110,2023-04-21,104.25134644168064,167.5906018241359,98.80628162813771,113.17727626605898,26701524
111,2023-04-22,123.68856878705085,121.74485464288657,94.66486521757759,113.67929134227796,2758740
112,2023-04-23,154.91332900290098,97.82220140874605,189.73603131885434,113.51545986568306,35060283
113,2023-04-24,169.32886473029822,100.72835663715114,129.6390186643882,113.17203359136103,30031795
114,2023-04-25,62.347047488380085,107.27518008239478,67.02114492998606,110.65673364690396,41160338
115,2023-04-26,163.278838395087,64.02427237122377,88.07565861271877,114.42520271201437,18599179
116,2023-04-27,54.92943227989864,151.86148468362126,68.31986625153547,112.28877751523756,5372731
117,2023-04-28,190.46974146868953,72.17766839158182,95.4780989607566,110.2784816653723,9413528
118,2023-04-29,90.46121113157031,111.4065108190888,61.446118305452984,112.14064060945908,22517788
119,2023-04-30,56.634307522347285,166.7437365040622,154.95263424235117,111.65904336735939,6953365
120,2023-05-01,166.7494021056943,170.43450951443185,122.77942512479106,112.44133587389152,20411556
121,2023-05-02,146.78879918836344,130.6257306399676,134.5132042525766,109.00728270637254,48822362
122,2023-05-03,67.53271619674662,201.84866153907848,125.42906845929933,105.5976767135782,36097004
123,2023-05-04,128.48493359963487,176.18167046794474,154.8007699881553,104.24170950156174,43029250
124,2023-05-05,146.00913603850182,81.3434237499247,112.23708316674885,104.15630388370093,42899302
125,2023-05-06,126.03075426743388,132.6575264816546,119.20451241624835,105.20343204375368,11234841
126,2023-05-07,54.70323431617521,173.70165312870728,159.9778164932391,105.18401784310038,48366404
127,2023-05-08,86.9475581747798,206.83090621705924,176.4669646055026,103.19066147657622,42696199
128,2023-05-09,145.18405026595195,206.86166980140223,126.06374986052353,106.31562191452647,5659139
129,2023-05-10,69.49391162214046,167.15109215164495,75.7311413096775,106.90896353090008,4807337
130,2023-05-11,97.53903254772798,91.5206137177647,54.3805184021768,108.47063410451175,26264150
131,2023-05-12,57.054673161318185,199.43412152411443,122.3283505230423,109.13002241147949,20173955
132,2023-05-13,87.93868777668361,171.15922285550567,97.51101496256976,110.92445880711541,15971857
133,2023-05-14,119.39270563420276,139.6704316683973,79.67292033147025,113.9371804173933,30962121
134,2023-05-15,176.26322919810895,89.10728381297017,65.4691303751269,109.88843511140625,11047815
135,2023-05-16,120.45629045468485,71.65450062092458,184.60464837039046,110.71552207849587,25541228
136,2023-05-17,110.41527556788185,64.63356493663692,55.73969578704745,111.30873149625053,32352105
137,2023-05-18,91.92678533357878,80.83687751952087,119.69941774453477,113.21876100160623,42845211
138,2023-05-19,115.4498886300412,74.78867155336907,184.98900816590023,115.28316638954024,23889309
139,2023-05-20,97.680655420524,154.08632330368772,185.224963917282,112.33655861098728,25457367
140,2023-05-21,189.99203315881925,100.95534749834025,120.64711441815008,110.70945296642986,3397441
141,2023-05-22,92.46698971258125,167.99260894955648,158.64942568770098,110.25022238103269,45552721
142,2023-05-23,102.63348091289619,85.33008412057053,177.9083220400799,106.82066543625477,21626190
143,2023-05-24,140.36476139342443,135.2327432550914,99.73622152367491,108.12874351286851,27514819
144,2023-05-25,50.271393993008076,121.91229414806153,120.16495952640943,107.21528359179158,30996961
145,2023-05-26,172.8924082343949,108.47916414916597,85.13243384133214,108.27378910794752,24321081
146,2023-05-27,53.5397114175526,153.06183377150904,79.3432349909258,105.55433767180892,10526848
147,2023-05-28,190.46937719114487,170.57269110743667,126.57744194573267,102.97756860691953,42425611
148,2023-05-29,159.45595561815,124.97160917809012,99.03416543898312,104.08463618690348,2448125
149,2023-05-30,75.13237760025301,77.13895741823694,57.05781368128323,105.42676517425075,43423845
150,2023-05-31,122.09202381744586,112.63201898988524,150.93277516040774,106.47081533227066,13364577
151,2023-06-01,164.58345706763123,93.46645138235152,75.35969685657818,104.96532548942412,34969161
152,2023-06-02,76.60561721390297,144.07956748202088,51.48505927512639,103.55318360083996,30942263
153,2023-06-03,88.43197382941315,160.6796699575437,151.15212261413913,104.53082363347201,38294550
154,2023-06-04,110.71043501789435,150.72225025935325,169.66603466232925,103.40231804180726,6128713
155,2023-06-05,112.20890296468977,200.87031214472927,141.615974265193,107.14155352526576,49222733
156,2023-06-06,120.80022462899336,185.60136201404254,161.02204179743842,108.73512102508104,48267334
157,2023-06-07,69.68212843050975,160.78421999284444,87.52057908616075,110.0528350531762,3944960
158,2023-06-08,104.08488094153414,181.14448096985788,146.9485404294761,108.21061723948529,43061251
159,2023-06-09,163.44995298822772,209.89011221559107,154.70300460938097,107.091087282198,31994357
160,2023-06-10,163.55283079898024,163.55426354453556,133.81753052948824,102.32066651731202,10861852
161,2023-06-11,185.0156861431464,89.12350022747906,105.82182612931541,98.87562555517603,49451806
162,2023-06-12,113.91898327632225,103.73721135720916,187.32708945681733,99.27009318729661,4045041
163,2023-06-13,97.61070008007998,85.12769515284126,54.36309967724902,97.97946257798681,15759602
164,2023-06-14,75.34750476180588,119.55332125781375,147.4251870425008,99.64185242423581,35620451
165,2023-06-15,105.24489280888545,82.11385549845998,71.28308612269248,100.46186463144818,34279578
166,2023-06-16,144.70180851219118,91.16902578134595,102.68201787173172,95.65553690537403,5226602
167,2023-06-17,55.63668441538918,194.36353876100134,143.77923079392866,95.26551127885824,49661961
168,2023-06-18,107.27507352911712,72.94128920603589,90.97640384961132,97.13620132138423,3262895
169,2023-06-19,67.6827009179881,85.86796913442483,57.48105710705018,96.77449555438889,48428696
170,2023-06-20,79.03801836644394,117.7462292705129,105.9663896171102,96.50323601860259,42346244
171,2023-06-21,89.02912130574109,177.43815215447114,151.8492009107596,101.29796212971961,7067596
172,2023-06-22,178.2759310693162,208.35504233372063,86.49305415958545,96.56401451123946,12873913
173,2023-06-23,68.12994620015644,105.45330270925061,65.79513484323901,95.84809706080486,31303156
174,2023-06-24,115.19828828217656,141.22784228536523,78.1353855262144,94.89112569181503,11089233
175,2023-06-25,140.48133119962836,62.57958187044899,115.09121572630733,96.4408512884512,13178868
176,2023-06-26,127.08154088246265,154.98891727985338,118.81040732562005,98.48448800782073,45431850
177,2023-06-27,58.02093713056985,150.4729520416638,97.71736506134994,96.45643788079641,4321146
178,2023-06-28,170.22576208917127,166.1195733470636,188.27432521966307,93.9505433837984,45696171
179,2023-06-29,105.43335081626991,180.02684881789907,57.45921487126674,96.38388468241997,29776561
180,2023-06-30,140.83917123857543,204.97325623396034,168.3338586994899,96.70910595915534,47027835
181,2023-07-01,78.43127502031246,162.9140165508157,47.428751793975934,92.66613170416244,3612394
182,2023-07-02,111.1711931827826,84.70887875989126,105.42290433858636,93.65556064851998,33562151
183,2023-07-03,122.72937331132471,99.76008985820135,100.0600545116811,96.15288871442385,15767924
184,2023-07-04,145.1812889870714,78.4620714102502,59.48413793452835,96.19718845682839,16431745
185,2023-07-05,194.52547054002594,165.49133533567561,81.01459564156454,96.03086336447564,42143691
186,2023-07-06,157.8105908752746,66.66964889816235,56.58209474775842,96.6463837796596,37245441
187,2023-07-07,51.606535902344845,137.83156326532725,105.25337918683363,98.47199217962687,32804863
188,2023-07-08,51.90596414103655,107.1396513337123,63.6132643402194,99.74965763730899,24857696
189,2023-07-09,115.5927517173319,204.1497100481262,107.66332138390386,99.45676002111108,23830442
190,2023-07-10,167.10905432054795,126.85965439806934,162.0123523600871,99.64752213117546,5107657
191,2023-07-11,105.6233217140813,169.25377639578028,109.43773421398346,103.98024748497673,39904897
192,2023-07-12,65.6629326168216,205.0336089455996,155.33065976424655,104.07661124968475,23985788
193,2023-07-13,81.5527578522543,164.68676467521576,112.99149609182557,106.75653889997444,18118602
194,2023-07-14,122.24912740782912,172.39754112865137,113.85452358657308,107.21515747815891,3707241
195,2023-07-15,167.9703105014138,102.83605527717742,97.5218275878323,106.84786768837222,7414226
196,2023-07-16,191.5469148517261,62.39098040007208,153.58640097978423,106.10087627000503,49365084
197,2023-07-17,70.20830723171716,84.36857052567795,131.88723338383733,110.64166451712367,37713366
198,2023-07-18,67.78652892418981,159.55583038933233,75.01310923881906,111.3024100345253,22318937
199,2023-07-19,74.7417663150527,188.45632793644333,151.0955049817942,114.64355058663051,6103571
200,2023-07-20,96.12355156767987,181.21670632141013,174.39678391515326,115.1163424064131,47190814
201,2023-07-21,122.63478885974067,140.54321386712724,184.23824807898748,116.39925514142998,31292820
202,2023-07-22,102.82210486391219,75.39912782315653,185.55448793900794,115.12980285907744,46753797
203,2023-07-23,87.76822365204171,126.99781296923132,131.25942258598437,116.39602320853564,44987227
204,2023-07-24,182.0641185035836,127.09216948292053,111.72550980003037,115.89188445151404,37222162
205,2023-07-25,94.28055334427498,96.98585995172085,183.7457507102583,117.56684336132392,3551134
206,2023-07-26,176.62440133450463,84.39571685918223,164.05437685215765,117.3572252099767,24223845
207,2023-07-27,73.17062368050743,191.59685453178588,128.11106072970182,117.53117443626806,34625483
208,2023-07-28,99.50353567528819,56.97270528987588,70.26417721993343,117.84484956162967,12839664
209,2023-07-29,155.33240898395897,161.32282591566587,59.83967700400557,116.33267773145758,43111320
210,2023-07-30,75.15324297009663,140.76770646108025,81.98323094936134,119.12410854957258,14738747
211,2023-07-31,195.76361571714125,162.28319487226082,174.71731750517034,115.11615754859083,30388990
212,2023-08-01,164.8563130052064,204.72411201518693,58.13471521021825,115.10480035328129,32737675
213,2023-08-02,155.14500725436525,155.80234367569062,82.82695060781688,118.22624832078246,8654926
214,2023-08-03,70.00945431514381,173.12841392231348,94.99776125206736,116.35763797166491,38602758
215,2023-08-04,66.03688231350054,147.70864679423374,56.30613317244221,116.74720598708916,12680709
216,2023-08-05,91.21320957696611,136.15688177822074,83.27382046536542,118.79796293612647,46867452
217,2023-08-06,138.91072494431143,194.99468156630434,114.676526933062,116.58556366773207,27076031
218,2023-08-07,85.2494765337207,128.94550230354184,69.0348488594135,115.21339560456691,33944537
219,2023-08-08,68.1402823330671,79.70010204791446,110.83295802607435,117.39215972998184,27215328
220,2023-08-09,191.15815608889707,118.66193362711174,183.46310220744175,117.74254691938708,29059080
221,2023-08-10,67.06238368490541,116.98492517868004,126.57454083717978,115.81109098997923,44057937
222,2023-08-11,60.80377152384962,96.7331723993006,80.79648006266815,118.63406367271753,13944361
223,2023-08-12,64.08641594469226,118.83538409655327,68.0820961923908,121.34489895412706,10006885
224,2023-08-13,62.2572612793075,154.30587550829293,112.58255982676867,125.15314330368263,21738231
225,2023-08-14,111.81198698731211,158.87163957561285,103.35012634309066,128.8438235843408,37920604
226,2023-08-15,144.2077791405797,125.99576573223786,126.54495512469825,126.48999719882758,24474990
227,2023-08-16,193.9292651583989,205.4145349037938,162.59267123215193,124.80257441358812,9637604
228,2023-08-17,100.61459346379863,127.56504167370123,189.35574337559729,123.14472245296706,10237427
229,2023-08-18,122.11266777905992,159.9113709891232,55.582925508360056,122.16894795250005,31010859
230,2023-08-19,144.74338613879,173.50839319991618,77.23591734501068,124.68200070225127,34871286
231,2023-08-20,175.1460915776101,172.31393382711695,51.72155708390046,124.45940550099576,7854321
232,2023-08-21,170.0921729852828,100.8033122842584,55.32592438175491,125.99788563179433,26334072
233,2023-08-22,135.1742393216312,59.856483718019334,186.91638715803145,125.05891454722571,45499668
234,2023-08-23,102.59698825758352,66.34706734788041,80.29882290771083,126.74685052974138,31120305
235,2023-08-24,80.04640424131864,193.81751624517477,177.93178828987234,130.01275425444828,19278294
236,2023-08-25,104.92734721013639,149.74447269708503,159.99281909737257,129.59806093536594,37617001
237,2023-08-26,121.30421115484444,132.6135734004485,67.45935328984059,130.060803443715,18738635
238,2023-08-27,128.69768276807986,152.55323043066807,138.84309631195458,129.92785692487388,6529584
239,2023-08-28,71.71926940835759,187.14502974407654,110.38474418825729,125.91968603655882,12767476
240,2023-08-29,190.22196798732898,91.28674035077863,73.6604381248594,124.82306022378907,18636439
241,2023-08-30,56.77282152302897,129.2923093915128,83.33094982957743,122.61369728072486,9102658
242,2023-08-31,184.16239460328148,175.5472763125229,165.88417873023826,121.74756790079863,4134216
243,2023-09-01,130.06045391678407,191.17839875277016,56.47903840643181,120.24982270107601,29214769
244,2023-09-02,130.42866841060828,134.69658186070808,123.92124719342503,117.79354577110276,48497964
245,2023-09-03,122.20200134838008,175.19078773102976,177.86048612197942,113.24360719371299,2133781
246,2023-09-04,62.35454380260396,132.83950970220997,93.86697885989688,113.64318245608541,34052101
247,2023-09-05,189.29173965194514,164.26051064604198,91.99542619813198,113.7516574933874,24316244
248,2023-09-06,150.13136912302565,203.54872383558924,159.70867803646308,117.0058819957629,32962985
249,2023-09-07,116.4433367324156,120.5212781128595,115.9870813796561,117.19850165758673,29230173
250,2023-09-08,115.52342793922529,87.73722105100126,50.68687874114283,115.73716391645372,37209418
251,2023-09-09,166.57833042320448,206.18835967882873,159.1738836538599,114.7035908501492,35242032
252,2023-09-10,195.45649892987942,67.9152140067376,144.59839653252834,115.04200880998629,8834173
253,2023-09-11,151.6703119493684,197.29617584883982,138.44372853121212,117.40054332158282,5843908
254,2023-09-12,74.6277529712471,164.57450208991145,140.05033392468565,119.28449797793684,26299082
255,2023-09-13,192.8434096931784,157.7879024472935,114.10130169357191,117.09359786662586,24531322
256,2023-09-14,175.4059554490026,55.126917069573175,188.1189159812191,115.92285637704738,37886325
257,2023-09-15,189.49587468676307,207.32560361082844,166.13880940993968,117.84804702535854,15884500
258,2023-09-16,79.13651310684762,111.07635469249558,160.6584193794538,118.54834430132665,9350763
259,2023-09-17,108.76193724493567,81.62257641068246,89.6376878724295,117.44898862688716,42913401
260,2023-09-18,165.03246382122785,173.23153157543595,178.77386236461166,120.29878586138669,49519053
261,2023-09-19,100.08911129247106,94.65933421826816,62.047999455576374,121.46138056112044,36766421
262,2023-09-20,97.43428179230415,71.69480474548976,112.55990062550252,121.32298574130259,14081623
263,2023-09-21,126.11476047336852,109.04515058984167,94.57543549912171,122.32704282048189,31399190
264,2023-09-22,51.76134267191459,139.10097573850038,94.87048969112678,122.94619672554516,5084796
265,2023-09-23,186.0266326582088,159.77621228824276,137.14361765685686,118.08891398270237,48635627
266,2023-09-24,82.25578102061041,199.1248016180339,121.13960775968499,116.54929409308421,48290948
267,2023-09-25,116.48350027288173,176.8833567637969,57.41747328775958,115.33777957583838,49508944
268,2023-09-26,50.48315542790734,69.12878020116554,126.49154482345074,113.79156714163052,28970007
269,2023-09-27,192.13197912497168,157.67031407252762,115.51968817982142,113.0790687471291,9238692
270,2023-09-28,165.95007043062384,173.7832222750293,171.84785878679685,111.38924474933482,6414795
271,2023-09-29,170.92760587121484,125.86515207158568,144.00746127255547,112.24995878801892,44514249
272,2023-09-30,62.08407094207789,146.5042191071475,161.0941146897851,112.84195829869472,27694374
273,2023-10-01,89.80269708679367,201.86349617424082,117.1896979312288,115.50564962335827,47164694
274,2023-10-02,187.91044949425472,91.00301378920307,68.15465295406342,114.8000825484086,35675467
275,2023-10-03,109.44052661139008,182.48400241863663,168.48290172936086,117.25556082732312,10118690
276,2023-10-04,178.0334309742712,188.91379294026896,64.70715420728281,116.05515479474766,30598377
277,2023-10-05,125.47873796940466,167.40438939763618,56.406992328242474,118.69966673732584,30109488
278,2023-10-06,80.01912586093582,174.0451545940494,89.59525963334372,117.31383500923914,9939583
279,2023-10-07,88.25632693316797,163.32182576784572,93.34011584529068,116.1889193378473,9512516
280,2023-10-08,145.50273670395745,175.4440916978585,56.68472124046198,116.0307586558661,13324909
281,2023-10-09,73.93885215445331,192.8972471360653,75.91690788891248,117.14014733650014,38910359
282,2023-10-10,136.7031730600696,109.19098299778186,46.44505281952609,117.5284603156651,37380357
283,2023-10-11,194.5684018257423,85.73699972890611,116.73710509420076,117.05819803754892,13990929
284,2023-10-12,119.69952157870809,161.82407394774737,52.59800113128259,114.38306102590684,36573922
285,2023-10-13,113.51538352988703,124.22190641463756,117.46002752727938,114.88640139762104,36299119
286,2023-10-14,98.11328323133148,93.83973815119191,148.58028374762614,113.61376849949623,38317878
287,2023-10-15,77.55422371369431,104.10949819407199,142.3049583718232,113.54762312338418,19461213
288,2023-10-16,150.05767417170466,83.46598932409928,106.72121746362798,110.9561764001987,4505713
289,2023-10-17,50.72488183659852,142.82995502478752,106.96661096495268,110.96518765564565,3891196
290,2023-10-18,163.17705621529322,141.91427217691387,129.82050696449065,109.70721934055923,35986793
291,2023-10-19,67.147807309937,193.51771384165454,57.36230067618023,110.30846180672597,36907180
292,2023-10-20,132.30628649020358,74.37677450857518,112.85190737393297,108.92589598424715,7143667
293,2023-10-21,171.7438260932542,110.01023914479052,143.25372305399492,108.43720611882229,5006510
294,2023-10-22,152.93672944950532,71.6578958536704,163.18500171016402,107.3569740419628,11470144
295,2023-10-23,116.5732318765018,151.66840555398767,167.04895540712707,105.97721769268523,20212850
296,2023-10-24,144.851404413538,82.36693039116389,51.349701386458776,106.65210958068674,31413201
297,2023-10-25,157.07978825481985,206.9493376948277,73.78794728814333,106.74585156828562,29587496
298,2023-10-26,146.8383324310144,201.59783069965343,112.312873133853,105.12707739437171,27311376
299,2023-10-27,118.97172094272624,171.53118543278327,109.70189571812821,105.74665559350507,7463422
300,2023-10-28,119.74438065054045,82.16532852974453,165.5487800954886,108.569094325158,35246559
301,2023-10-29,185.24001184236727,66.7091223572636,172.39818980599858,106.09304902927347,2020214
302,2023-10-30,196.2801152132777,141.141037691024,45.57400928668728,102.36522106686829,14088480
303,2023-10-31,128.524871896184,65.19141590337782,102.35286944757547,103.2653010697856,18366522
304,2023-11-01,187.0605825966931,176.3708873388333,59.15195541238757,97.54891345296934,44894357
305,2023-11-02,92.48165193813529,193.8103598603038,92.63948874322814,98.90002876091904,23109817
306,2023-11-03,81.7227205419321,125.90727586372721,167.7532724687125,97.56823983578357,14084676
307,2023-11-04,88.05428972929433,197.96704842625854,77.44241407785626,97.40615098369008,17390832
308,2023-11-05,101.62446661091276,179.34198866443108,169.0004446295721,101.8911530190358,1155414
309,2023-11-06,199.0446173483998,79.35014892732195,182.9748982070759,106.30265107229727,4480673
310,2023-11-07,56.122636246174984,60.22587804251559,98.9874796973017,103.7245586809263,18564532
311,2023-11-08,96.25243045355714,87.36095840890926,166.5765077112011,99.43413143645823,42390952
312,2023-11-09,81.94000761945472,89.35270782968908,105.61101136278262,96.71737337328835,41977473
313,2023-11-10,133.38209672501114,107.71239783314404,149.31177864568218,96.41465071355628,18248320
314,2023-11-11,137.12506579371467,134.8510450188076,134.42957033300735,98.99054188924464,18762945
315,2023-11-12,124.35890283532218,195.23668663244547,85.46302202351733,97.42045427009901,26189230
316,2023-11-13,198.49228141252712,57.96742500367408,167.10593057933363,99.57506779168142,29846685
317,2023-11-14,105.36104393366827,188.45422654088,118.69779081907829,98.2896083499896,13260784
318,2023-11-15,111.2290804246623,192.99693989057394,70.57519163337649,95.60815666368072,23817659
319,2023-11-16,68.21272984063557,55.90134215265755,99.72890510812772,97.26199422019943,48609712
320,2023-11-17,196.3452931125801,115.50196008219041,167.98848854059838,95.87366837850364,7404312
321,2023-11-18,88.67783394137273,94.60982066841069,165.06087199219937,96.67745405561091,16282926
322,2023-11-19,79.32120140803521,91.47342787172084,189.2705341357869,94.4299324573697,9461565
323,2023-11-20,195.3756035545723,207.81491482804253,127.14897004280957,97.275103652324,35882922
324,2023-11-21,65.37258004111361,84.57822699425536,101.67418096097538,96.18010707739765,49297076
325,2023-11-22,148.46551021200742,129.66808221862289,162.76606593777996,94.77913139518232,42391225
326,2023-11-23,77.07964033869011,56.24264745607816,86.78038955576666,97.71331788501166,25258580
327,2023-11-24,157.5342451236011,79.70285295978799,57.40777547808996,98.47665865297243,1270259
328,2023-11-25,51.030236930606655,188.87745313273714,87.06961086035638,95.35136379019308,1236422
329,2023-11-26,175.47611313891773,182.4134950871499,148.72108873081643,98.4762927799699,25909277
330,2023-11-27,85.6912950326102,141.298776752027,117.76832635507468,97.89739887799769,15119943
331,2023-11-28,154.2612086136154,88.1711127901696,46.1121122099764,96.94657424715339,2839625
332,2023-11-29,156.0778400345282,204.25500526446558,49.28222998378471,96.81192620268492,18054671
333,2023-11-30,191.31671212565053,109.80407638379913,143.0131378755379,95.77751118634083,15166452
334,2023-12-01,132.52057762509898,85.27011887938733,186.28111775424927,95.29461922142886,43973983
335,2023-12-02,124.17943324850384,173.31303427157593,149.8944391625276,92.0775422540934,12673260
336,2023-12-03,162.98379828910765,201.93090493120843,76.54659782998927,94.46003592546286,42043524
337,2023-12-04,56.28885055107728,197.20049746954763,108.27149881135712,92.66915778809044,22040526
338,2023-12-05,81.41258919364306,179.9847332666128,146.3272660034707,91.70564746072128,32470355
339,2023-12-06,129.77730213867557,145.1569863811959,55.0905896553213,91.17980187679788,19115213
340,2023-12-07,73.9440694497435,190.04699890892542,52.38922514591662,93.26760396326273,49922955
341,2023-12-08,148.00871888144974,154.39536236889006,76.74663615291028,91.02568137468317,41754323
342,2023-12-09,170.9567772671985,189.88047644578575,156.54450193470416,90.52366039319344,16745920
343,2023-12-10,54.60591634914559,98.75112694852277,144.08904248614363,93.52354509817658,32204640
344,2023-12-11,61.74729492735334,100.7177702963525,51.112258295367475,91.73433411875634,14536966
345,2023-12-12,153.08458326938342,102.13666880821116,139.44712248825215,87.92300451060525,36369709
346,2023-12-13,155.89966903256408,146.5273040700564,154.13988712205762,85.51342563992861,20297319
347,2023-12-14,168.03650772138613,71.18158049757206,81.70144953483265,86.29227384376277,47367810
348,2023-12-15,81.11644749792433,179.89840840340037,58.51333247879613,88.1547543370585,36295442
349,2023-12-16,129.13373737039763,104.6571621991917,57.27229250182662,89.23366226074032,49804980
350,2023-12-17,112.52248908076133,163.86751189379729,77.23969953696763,89.13242500139914,10111422
351,2023-12-18,175.99578051118226,97.64315651000535,187.667246969804,89.8534537966455,29785800
352,2023-12-19,148.321692304848,58.69689739505907,126.14580033748034,92.04561176638678,23368485
353,2023-12-20,123.13408824753027,177.50520918750524,148.86973208652336,92.2041432520421,47483564
354,2023-12-21,105.64928474676515,150.8285859291124,76.32427307479998,92.20830562203513,21619128
355,2023-12-22,159.04098104524542,164.5968481009731,186.11273834820122,94.47369761652955,5656657
356,2023-12-23,182.20862177251135,175.9672464711393,73.01993695019489,95.25371306417914,14203864
357,2023-12-24,51.69247368169624,145.32467596261927,68.94571789262977,93.73196360574356,31293020
358,2023-12-25,71.92709272577058,60.29841251231542,88.79507047584264,91.37117439381181,44442590
359,2023-12-26,162.13559839664794,81.33886290046877,118.55210018542144,89.49090746819803,1182587
360,2023-12-27,86.77041585782337,203.97650388843158,83.30079352676489,91.17384191037937,17899672
361,2023-12-28,136.0415560650231,115.89521667588478,90.8532681377317,89.07363327979019,24970942
362,2023-12-29,88.02124848815279,72.50045926711002,174.68392143455398,90.35104420951326,46631700
363,2023-12-30,69.4253726322478,113.04870707447596,83.9338938470967,92.92379411849615,45880458
364,2023-12-31,143.38424678429956,106.38526417005194,79.84176294243083,89.92191766155202,8944043
365,2024-01-01,196.37455504006,121.23363143287143,54.739747214530894,88.3097141889956,39345716
366,2024-01-02,148.39373282044815,131.19526820994946,109.9195251035876,88.90084236013395,31938261
367,2024-01-03,189.62301667688956,207.57022130555757,185.62800861049936,89.1506946898217,7608662
368,2024-01-04,110.42025406388132,123.88793670652475,51.11401676885609,87.6161073449902,2481335
369,2024-01-05,161.4254818630418,59.22111538279912,169.5723454834776,88.788102977443,12097579
370,2024-01-06,174.42820565859796,193.9137392132795,96.37173989377854,88.28070507883251,26285726
371,2024-01-07,84.10202977355104,97.81642585774577,174.6889136875677,89.82452347003341,36161257
372,2024-01-08,61.679706000279296,133.35895905898056,165.5268422148559,89.70762975736454,26767895
373,2024-01-09,73.7861438758234,172.53589100940547,186.9587942767918,90.95572356258758,13355984
374,2024-01-10,77.03434193662136,137.7079388918604,159.3995986672876,89.34731747700263,46486287
375,2024-01-11,190.0533940758156,160.0064274369959,121.39396951972668,91.19125529520869,4534649
376,2024-01-12,142.02487008321492,206.36406732224893,137.8873488684322,92.99730720262818,4836862
377,2024-01-13,97.81140049591994,83.51023249460464,117.32427550252902,93.62270072721249,21881221
378,2024-01-14,166.65359115986334,156.52956736373324,113.15064632773627,93.66604474883978,22210312
379,2024-01-15,132.83287680455544,127.15737014848874,101.12056411530699,93.59958995276963,43392203
380,2024-01-16,197.43178467740884,180.73908157053177,162.0524708051936,92.13916526752095,19270290
381,2024-01-17,140.2320865474121,197.9923824574565,135.3809181745276,90.14655642129436,9264783
382,2024-01-18,192.73233450206635,88.32538604584845,87.94524260090205,88.19067572737272,17205122
383,2024-01-19,169.7876619830052,153.24533436602832,134.66573937580958,88.2211156430613,7276162
384,2024-01-20,114.45550820410148,66.60475920659754,90.67736304397997,88.3569876376714,12333366
385,2024-01-21,125.20446792244306,92.14426989058364,180.49131180746835,89.87558890281541,9177883
386,2024-01-22,66.33999503564587,72.54143579161948,61.885556974667296,90.21751186056737,3908463
387,2024-01-23,140.62507545548354,89.66178657318952,154.71927851824984,89.76045644290568,7673593
388,2024-01-24,55.50060039572653,82.79845990556296,59.339929671271896,89.29813479169846,42135518
389,2024-01-25,139.52411761486076,113.58641222721674,75.3758215899866,86.77708156255795,16930104
390,2024-01-26,185.27781887366592,187.6083698891657,81.88545263379221,87.32753474494578,13370887
391,2024-01-27,88.09982343354038,65.11278833802083,152.6268961292659,86.38057255983313,3396465
392,2024-01-28,148.28748396393883,56.19513209856681,99.85900026798618,84.77736836707211,34226569
393,2024-01-29,118.92733154991396,126.6977822929882,86.55135645649639,84.08214936792008,6111466
394,2024-01-30,170.53818366741015,162.3728245037932,94.15918197830234,84.65577713386627,24351606
395,2024-01-31,134.5165891392716,149.58415380178167,178.93071298593557,84.1330901658439,7698229
396,2024-02-01,175.6937443687638,149.15845936206279,51.20572035631904,87.10364501339862,46560567
397,2024-02-02,78.25963211465454,209.97091046598464,75.12457250677139,90.41639240562132,34374389
398,2024-02-03,69.65480603668041,147.93106573959747,151.67325838526853,92.00992237292104,33756769
399,2024-02-04,131.844218942868,180.90205322411362,69.40774088937265,91.63782139524596,29653576
400,2024-02-05,67.78019607757346,99.01394045382085,70.0007837160594,95.3759960962817,25444832
401,2024-02-06,123.90665039551595,120.42593884231432,176.69786847773796,93.42691333238204,27086177
402,2024-02-07,85.851593080485,142.95279021520585,186.6681805545974,90.80606148104444,26364258
403,2024-02-08,118.94434065822585,58.17037030628788,86.31111548574455,90.79276732496135,12169374
404,2024-02-09,107.36263419783549,131.30672959636803,70.08336588711872,89.41734901522538,2912356
405,2024-02-10,75.60883605447428,76.90590878966464,124.103152848179,86.97920883336278,12829482
406,2024-02-11,130.39279540595075,147.41154116704854,76.83999922236214,86.84957926731184,40595370
407,2024-02-12,81.84855582777199,92.08479497122241,164.35856998763018,86.49432664632812,1051268
408,2024-02-13,183.37941513995017,153.47874978519303,88.67347266387463,87.58515299100743,3177919
409,2024-02-14,76.80925437416636,73.47146957080118,104.5137991882776,94.1142613537614,34096509
410,2024-02-15,59.159530490740586,60.36151073820589,157.09173237653732,93.74089894293908,5462693
411,2024-02-16,99.24475778638393,61.49330266050797,144.55855621136635,90.12328844997,2510528
412,2024-02-17,91.84614612655264,199.62106581721227,69.42185283189264,91.32421659787538,2856911
413,2024-02-18,73.79142192699197,85.15376930441417,84.28476989132886,91.99231210326796,18670279
414,2024-02-19,131.91241870450958,134.69141081486697,89.2437299908473,91.1268099565756,31658047
415,2024-02-20,51.277659458685264,115.9828106027169,103.39988186855506,92.04078429274747,4853404
416,2024-02-21,138.55310791962148,64.38375780383792,94.12512895408885,93.95334464526069,40935475
417,2024-02-22,174.6499973047038,68.70932964049645,74.19875790679039,92.43668390678863,18251896
418,2024-02-23,88.2432273556721,88.17322088865703,131.7860977671827,89.58964709652635,44927198
419,2024-02-24,65.94026428341824,168.57218762469086,148.62886732922914,92.10091367688861,31066365
420,2024-02-25,65.71861413169586,176.74811073872837,100.36660942297016,90.85580889726461,35604399
421,2024-02-26,108.21223702267206,155.56479559635778,109.01141213269845,89.65094457133877,39008321
422,2024-02-27,133.0058570489703,94.22840248428234,99.70456826891012,90.32489349448218,40897579
423,2024-02-28,68.53109368025791,99.92283019701648,112.77005772344894,93.3476022274145,27652426
424,2024-02-29,163.2955169822468,162.48642197883643,114.70068007861951,91.6667560686848,36337300
425,2024-03-01,66.06471855607721,89.95807719139368,132.5345737531836,90.7644433294226,21346174
426,2024-03-02,67.23116407572687,79.20578351709717,130.22888030605816,87.77572638808597,26542025
427,2024-03-03,60.77737873466091,107.68488242286512,152.94800886695054,86.70084422697917,23917069
428,2024-03-04,103.86611453224174,181.13476623075567,167.06883681860174,87.15665215869637,2757993
429,2024-03-05,75.00855767152723,189.8236030751527,78.73843382310973,87.90244725990995,30083631
430,2024-03-06,136.23401560405975,94.97674385560961,152.46164844754344,89.72279587231313,20127018
431,2024-03-07,157.59678627979528,82.65503518756472,161.14653637641302,91.52241147270641,20564587
432,2024-03-08,170.520902277964,167.31209137059508,137.46504921474954,90.81922419531301,19600700
433,2024-03-09,105.71224881494581,203.9659748485144,141.61566741053167,91.2991091560997,26191401
434,2024-03-10,190.25563906370266,86.78452866739121,113.96206282007294,90.87527849974705,38617199
435,2024-03-11,115.68106809167305,89.22076693093979,169.77618177501245,89.33689236657895,45731611
436,2024-03-12,133.25399755047277,78.44092692991441,79.15669770760803,87.86293476030292,16315783
437,2024-03-13,192.02552182273934,209.2133245950017,176.6792310257075,88.04560710894845,35498090
438,2024-03-14,131.2702511931111,170.17236893825498,146.64455745257558,89.13947786159689,25208590
439,2024-03-15,151.59624475450573,207.21974735162087,133.63429847339137,89.74600109608211,9645634
440,2024-03-16,66.01613069618286,199.65132964755662,77.01474268828032,91.05490516084652,42045103
441,2024-03-17,75.49242247960028,104.59363347543427,82.73508298572162,88.99801022516289,10075189
442,2024-03-18,78.08119813681927,161.74676788738333,77.1741012375987,91.58296560555532,26246912
443,2024-03-19,155.2551716859378,166.96426438514408,162.1952270500251,92.15321441863928,7240132
444,2024-03-20,77.61569456940427,78.67173299982817,189.80279636402355,93.3355784509652,10872962
445,2024-03-21,103.17328396429261,98.53246107818684,79.77018902617233,90.68028818845062,40176482
446,2024-03-22,111.05690938032235,66.40878250139492,170.6959038040443,92.25243872975403,36210495
447,2024-03-23,185.69916998276977,109.56735352339041,86.42436910662067,94.72926438859425,11445127
448,2024-03-24,141.18845637801255,132.08711293929667,84.58357254734872,94.93561899635493,15663374
449,2024-03-25,144.39852003913484,205.74711437936713,90.95084354036479,94.9698634777277,45143366
450,2024-03-26,104.08045278709935,130.0816983160132,46.74628928854124,96.1076238495675,29501302
451,2024-03-27,199.11840282718018,201.48648571430252,152.44957948839212,93.05252404210557,26061195
452,2024-03-28,123.66325879083384,195.61693984490375,148.63627287570563,94.14226438222038,36295028
453,2024-03-29,153.98792741657843,189.18675517288386,105.39376095181414,92.21878577211815,30435031
454,2024-03-30,107.29169368777465,135.38776878814286,121.354942407547,90.03927384508425,27238699
455,2024-03-31,189.60434120944606,180.2547199623616,137.45559746506382,88.98178540957255,5395816
456,2024-04-01,61.51276886665199,148.0306690428742,79.47963461823744,90.28935813266838,30782291
457,2024-04-02,132.59688219561468,70.92630943499199,67.45459452392303,93.15459232575228,28629476
458,2024-04-03,199.56052192535947,62.43044860701629,155.00024949622605,94.0888361080809,16183391
459,2024-04-04,115.10548121862996,68.8677142582712,154.029570653994,89.79800455742338,15530742
460,2024-04-05,81.84412053383353,121.08238108808068,111.25694433857808,90.33053143362226,14143734
461,2024-04-06,130.64037713892185,61.45218928954177,172.38467281790827,91.80555798225704,38694668
462,2024-04-07,143.3544587581567,189.72621447122086,78.87714180254483,91.41728718345823,31276725
463,2024-04-08,63.37551453179238,122.4658964425178,84.79905676144409,91.08171166528724,24726004
464,2024-04-09,164.3927555758529,132.20298447451074,112.24433075567457,92.70249470575862,42163335
465,2024-04-10,53.455019218324715,89.62278686331258,74.31885625990566,94.65839190556989,8857952
466,2024-04-11,91.5866242446528,192.97631607591288,71.05047962209564,95.1032451858941,32546111
467,2024-04-12,199.03667449705068,154.3389374198577,59.71713620461881,96.02536380334753,23854316
468,2024-04-13,89.04642109493585,121.54275731963813,161.89722393849493,95.5206164988468,29203331
469,2024-04-14,144.93516708384544,205.39796781189494,131.46780784651213,96.6143227917863,1098811
470,2024-04-15,90.66426754127788,111.22031257051071,115.76905417045963,95.3480034731327,7578854
471,2024-04-16,106.30987602584668,180.25250429541347,79.9092862528135,95.88571985180117,41301760
472,2024-04-17,51.164660497508585,206.6151684998835,106.10388891457248,96.78599598282008,20009659
473,2024-04-18,192.03545971051622,192.68329716378088,102.3888571577453,98.17019285678077,24213037
474,2024-04-19,177.9820190759154,112.51127602879654,165.8988565999041,97.16295525798927,24551249
475,2024-04-20,76.1912328572181,202.8181654001218,149.12140882911714,97.20454811805185,4924752
476,2024-04-21,170.11893893884846,137.55483127295912,152.82116309290757,100.18271806089616,29105491
477,2024-04-22,130.08913076369066,93.91958510758907,99.63897068067207,103.0004341270504,18146693
478,2024-04-23,127.88383657835749,148.9599562596522,68.73866402828452,103.53087565717132,23216060
479,2024-04-24,162.67080544456928,187.78370204997813,65.35876885946469,107.11358565561724,14632066
480,2024-04-25,167.27184882143314,169.79955068935834,80.77264703586556,107.74250248937297,33190723
481,2024-04-26,57.51142075365316,94.9206045138719,49.53437308648299,110.65104952535376,24054208
482,2024-04-27,70.14393019391328,110.06922830957546,142.69275615960657,112.83099521270125,12509208
483,2024-04-28,136.38027624543005,96.08555853685885,139.98161908884956,112.332777986193,38890328
484,2024-04-29,185.52481829362603,129.84338313803215,131.14293034713228,111.90395215313268,24382598
485,2024-04-30,115.9102335676501,196.6093952173421,118.89341905463276,116.55260921778567,24872394
486,2024-05-01,131.98681503871177,197.85141127480537,54.09614597591532,115.88604283324673,8821401
487,2024-05-02,112.8902896077824,87.28103945064464,147.38352774117413,115.01253125739458,18157084
488,2024-05-03,171.65231318560163,65.36610011119284,111.71514125798865,116.82922929128786,26743311
489,2024-05-04,185.2211107750435,108.13629014522846,177.51791362665656,113.16781322733638,30856899
490,2024-05-05,175.7418125984155,98.95763730586029,100.2658151191894,115.79644320745713,34734121
491,2024-05-06,81.56619149252867,116.27895919587155,73.99883625341005,115.18688736962449,5432796
492,2024-05-07,99.19984485629254,178.4470701188199,158.56005649597643,116.18185525572584,49142365
493,2024-05-08,153.38785942996907,76.32979714200853,107.59542297995333,116.21665930237612,36287219
494,2024-05-09,103.90924015866784,85.87256651510786,72.5025987330892,113.4273810873377,28380227
495,2024-05-10,141.28166070025605,105.25908357371402,138.7050390910224,115.87454560501679,7927423
496,2024-05-11,82.58922172754396,126.46444291338257,145.39339366771884,114.79485140755968,36535865
497,2024-05-12,109.0968158187055,121.34382971880598,123.33668257032592,114.54468047826873,20400969
498,2024-05-13,199.90264273872398,164.5683499676893,73.99279206267465,113.53829814798911,47518054
499,2024-05-14,114.74988327836569,55.805424899809466,171.80125963774816,116.4181384588324,9022489
500,2024-05-15,126.82913889707773,181.3366132325296,186.92674871734994,117.14297173429016,34488960
501,2024-05-16,94.63078871451376,153.5821674518674,115.52665704074055,111.92214137974527,17509118
502,2024-05-17,185.22684370439202,191.32078834047786,65.05652715436393,111.11087677896828,47449480
503,2024-05-18,191.43630602822634,181.11568066517322,123.1846337257436,111.55241056159377,3023028
504,2024-05-19,178.99074002309544,188.55876502068787,169.57572266674043,113.10685760882512,15514527
505,2024-05-20,142.03527903092447,92.9961152231377,166.95328286425018,113.30031881883683,18437192
506,2024-05-21,68.68218731573208,124.40319660118544,188.1630183729761,112.11139481616968,42455473
507,2024-05-22,69.01954710981302,198.4800823424195,74.65808207859291,112.02696253532355,35145088
508,2024-05-23,113.52841241652865,147.25783162028853,147.8432831028691,112.52026632901631,19772452
509,2024-05-24,97.46898238907211,173.28556182708226,99.45751103404592,111.25535265333723,5360778
510,2024-05-25,183.33307132078593,184.8932701416569,46.46788123636718,112.24048735624281,46375465
511,2024-05-26,77.2784222099468,108.14736621962555,123.78990169782207,110.10262185663667,9904171
512,2024-05-27,96.5008563603013,201.3933013183446,139.4681768629357,107.99151048749988,19103786
513,2024-05-28,139.83146165002387,155.42902597675595,110.10060206439745,111.3143068309061,9184969
514,2024-05-29,79.44474930639825,205.67370912509884,50.032522874663336,113.59009145270409,22837281
515,2024-05-30,110.8158334616266,197.92179706073358,136.86755056510987,110.46679946374691,24013784
516,2024-05-31,110.93219043345653,67.28076692550667,87.19027704235971,108.54889013244309,26772134
517,2024-06-01,129.22685887245595,130.29038381546576,144.41045354223309,111.23831888785021,2159831
518,2024-06-02,81.22283872847673,132.13600801708236,134.79152028547023,112.22198936562553,40361765
519,2024-06-03,170.69307996674053,119.73922776886869,105.23385593257356,113.54135726808535,32191554
520,2024-06-04,195.7689606885747,137.528324760681,91.77699449271132,116.58919330341676,48269472
521,2024-06-05,90.4195734880241,101.37249002006672,168.01059562512177,112.94548259807463,42157455
522,2024-06-06,176.65043931753655,122.50246679471996,84.32207820482633,110.93758063696686,14613797
523,2024-06-07,175.43423408604033,137.80813992970613,80.38086855262188,109.88835651867248,4435268
524,2024-06-08,151.01498724000578,190.42548700692174,98.67421274044686,109.33070130705134,43600616
525,2024-06-09,126.82470054125308,134.9595867447016,53.73079886292019,110.04625368772177,42993327
526,2024-06-10,140.1482302153708,103.07834511666115,81.25388144986056,108.231804993699,39602215
527,2024-06-11,58.63330853911193,167.67660529160486,184.09922685994096,111.1274413504843,14369258
528,2024-06-12,143.18290581718747,202.68598434549617,113.90914074725883,111.48302608149832,22530537
529,2024-06-13,153.77244866430863,100.43790647376093,153.77885825412875,112.40456159749147,35887858
530,2024-06-14,108.65960267011465,113.3364868899425,132.81573184386338,113.69050604760987,23125480
531,2024-06-15,140.29757226369787,69.07096513685435,105.00757403329673,114.14069452498028,19891518
532,2024-06-16,89.10355182208886,132.65187615463685,144.9575783534866,113.8007154786469,11272343
533,2024-06-17,195.91736686498928,145.0801757452657,156.19836699046726,114.79752780404418,1900870
534,2024-06-18,178.94445797849133,202.71267292900345,106.19121841126497,117.71071821474496,30878177
535,2024-06-19,186.16155616078592,205.30609866181211,98.08417910016689,116.56835906586143,31292292
536,2024-06-20,140.2199011044981,161.89752803046957,177.475191792992,120.6455268745463,47702969
537,2024-06-21,138.2524474408171,160.9140483481917,58.38646938932606,121.2605354485075,48517938
538,2024-06-22,105.15976534234123,85.3260012587774,71.30950790018238,121.10196418716583,21537966
539,2024-06-23,104.48095441067645,85.78613951133369,103.68347686391573,120.81911321158785,30989876
540,2024-06-24,181.49120783700616,172.8974720932443,185.55452690253952,123.08862636276936,26468950
541,2024-06-25,164.1111640849822,190.8291334664569,86.73414018701641,125.56716480664086,49241056
542,2024-06-26,176.49729828826554,140.85774556246406,127.75616959410712,125.48068617136515,22362563
543,2024-06-27,188.82335716748352,191.27973114490354,180.30399763028478,127.07238911685185,5343233
544,2024-06-28,192.00014905801783,76.68077259509664,71.97736025615384,127.03465664397861,47009026
545,2024-06-29,185.9955559505557,102.44597794656602,154.91999343071674,126.41548291752564,34754357
546,2024-06-30,118.75125539382248,205.4563511247639,173.16303145469365,127.41663001250907,37274095
547,2024-07-01,190.926994016428,77.72110296288103,127.82366923787559,127.21217509682177,40321358
548,2024-07-02,53.58653918621039,205.38239604010946,173.78813270236228,127.00765435276519,40160039
549,2024-07-03,71.2207701676057,142.70293907280777,130.15480195868435,124.61165949234321,39517476
550,2024-07-04,89.3883019674042,59.76136739593839,91.52492082943812,127.81084712137991,48693395
551,2024-07-05,113.27322969386817,96.82105299643152,164.1851421527025,125.97293186085156,49535543
552,2024-07-06,163.150369357893,187.06241098746162,181.29128821597016,125.72097563361191,5933371
553,2024-07-07,108.7982609323035,69.62007487926745,150.09594624536592,125.60130966633713,15274897
554,2024-07-08,59.49222762960443,64.19334557925868,172.49194035709644,125.54490880276761,20578121
555,2024-07-09,151.5145124571065,63.49158224764607,174.5948684840074,127.31610243414879,48349653
556,2024-07-10,180.26241923322863,69.12207318063258,79.15107433162669,130.15425750935435,21911329
557,2024-07-11,170.7874319349086,149.81509108439178,85.46160713308996,129.90884186179719,10453894
558,2024-07-12,172.50820556972275,171.56421271886978,85.88799405415202,133.63667551631025,9765857
559,2024-07-13,124.01484900474696,160.27789228464712,123.09739841998481,131.0914193923728,47160977
560,2024-07-14,108.49425466400999,117.36487200896578,169.74706414543883,126.59253655311892,33329028
561,2024-07-15,140.75847287613465,121.19386715452667,46.52902587056129,126.9125976710682,25070362
562,2024-07-16,193.37467528132558,134.3626634675988,122.22974095202014,125.20402983307895,29282213
563,2024-07-17,85.66715556397725,197.60203856663546,57.281056407339136,128.4721142753019,15745461
564,2024-07-18,94.4325826353055,143.52751339022166,109.86260629138859,128.03408835934744,45948371
565,2024-07-19,105.17533629253208,90.05702308893709,88.60828803860727,131.01870858037688,15452392
566,2024-07-20,186.20357442053333,83.8719707320565,107.4169899363773,130.5005051293309,48917907
567,2024-07-21,107.36477953141959,187.59198047218857,186.10222521884955,129.40200843679702,13939511
568,2024-07-22,52.739736563915535,145.06939564974058,60.517120466961806,129.5837987029082,26533384
569,2024-07-23,143.7446795975116,66.5855548359429,74.29258851218677,127.51429851193778,45194611
570,2024-07-24,183.9085069379899,165.26754762470404,75.34468075982588,129.4246364483435,7727766
571,2024-07-25,82.32895619085122,166.99474306415917,48.10804996670268,128.06563100538432,29064484
572,2024-07-26,67.13657181048407,200.28931564513175,152.4497505426566,128.8090196302743,12278511
573,2024-07-27,68.61514100968174,139.23591026175663,109.01841614544401,127.6780501355383,15374056
574,2024-07-28,85.52868242580712,205.31471767090918,170.1787077818517,128.90349636112893,30200541
575,2024-07-29,177.39537103996668,117.58394057126054,45.42678177144826,127.11934538415623,23657666
576,2024-07-30,73.23204906468135,200.0181822004788,178.31939227286912,130.2702021415756,27681082
577,2024-07-31,169.28027175147457,207.83864906208962,124.1772450404067,129.5440636446465,33782146
578,2024-08-01,89.29615672833071,178.8421588768404,85.44816130264161,130.53558385375166,16785739
579,2024-08-02,162.87212950019548,121.79867985304097,180.17805971994716,129.54539983069054,35284983
580,2024-08-03,109.05281469292004,194.62091058635204,104.24253492675456,128.79575101698333,24569286
581,2024-08-04,173.31941788001492,169.42067499478236,183.0059921238302,132.18345875005792,27706885
582,2024-08-05,187.03362961453936,67.80931633818186,71.36031438028004,133.66222698526832,22194482
583,2024-08-06,72.69517866114033,60.59307207800856,106.81333584405009,135.01607984109566,16453309
584,2024-08-07,60.75480458746175,97.11215035245982,61.67811832381424,135.68736049390253,8582023
585,2024-08-08,83.92071921674236,175.210131031579,109.2923886353851,136.8984604785913,32942911
586,2024-08-09,87.09759720684832,116.62710421856895,185.86331728621752,136.75047875158347,24878367
587,2024-08-10,174.55709224049033,82.91880151362173,170.33530864360532,134.2250647238973,19218988
588,2024-08-11,78.62044311824617,67.7967380475608,156.9774986595191,133.4725470586029,21948783
589,2024-08-12,122.1757931737292,61.10866665333538,75.18506376873604,133.0025409062363,17276040
590,2024-08-13,76.26525028127952,97.99769373544062,150.22459182686916,133.70983359811285,9140338
591,2024-08-14,92.2511038255621,105.82685286449936,189.96573958037249,136.3098784173289,44422439
592,2024-08-15,169.28351987963862,207.89313378116566,166.6423223111679,134.51211404595642,5711518
593,2024-08-16,196.20046567092288,88.94362395752435,57.17381883663916,132.19678197316702,48290963
594,2024-08-17,196.42286013206822,203.7865469650649,135.94965430443736,130.65319262079936,11448525
595,2024-08-18,199.36340396805747,205.75962643626383,174.69855962429048,128.74349154691964,28554245
596,2024-08-19,191.1914706307322,147.8690366583113,60.79742220481798,128.64411896824046,7284614
597,2024-08-20,57.43345737235029,59.85059147839351,45.57409792803587,127.4317270331052,4196169
598,2024-08-21,190.90637032252218,79.0923777257295,68.7525576191712,125.11287448940175,36847256
599,2024-08-22,125.39675284317228,110.63915510991251,45.77424899833132,122.73228286443683,21740665
600,2024-08-23,166.59875626959058,176.23209363167263,154.69321621295467,124.06350878041373,14543770
601,2024-08-24,143.4158236602471,165.26626879160352,84.38465457139912,125.08180251960275,48954908
602,2024-08-25,126.49644486513327,186.25080226834368,99.42242087885879,126.09996586014577,14813012
603,2024-08-26,82.86251083453425,209.58369843892834,81.8880219511608,125.28627939094378,15200252
604,2024-08-27,165.60781937717184,98.67911698280167,122.96717340721182,127.64555071835832,44233714
605,2024-08-28,55.66194156666014,131.67197931193206,121.09508511895845,128.28578614598047,46262461
606,2024-08-29,199.0038287670544,91.2283411402383,77.2712210997986,128.1765482486075,25455742
607,2024-08-30,148.37341681025802,190.5012844713456,165.1388471301959,127.29514946880907,9147747
608,2024-08-31,63.37403097919598,107.14397447170882,57.176449732538,128.4705485856012,4971417
609,2024-09-01,195.93021833884376,58.58401159134686,131.29382565224932,128.3552659518029,41662538
610,2024-09-02,169.3923411304876,126.51205442991474,145.76339817936747,127.92693681891042,36953355
611,2024-09-03,162.40375724876742,124.93577498085972,115.3896728257348,129.1515167580032,20256998
612,2024-09-04,157.80904029231877,106.7377399740945,160.53195949100433,126.72720637001714,22473350
613,2024-09-05,168.45205545851783,133.9187479225668,60.450726875747954,127.95017427602039,23443297
614,2024-09-06,51.45512207085605,111.92559759365898,70.71632015142247,129.38056479180048,19501760
615,2024-09-07,165.87956140834604,80.13251832972895,128.70453671570192,127.2542639012141,15068842
616,2024-09-08,173.93683042226525,55.55535250474984,74.8016627274644,127.50745349903727,6665003
617,2024-09-09,103.5577755545084,177.45610252216284,60.8476187783085,131.124970916733,39230722
618,2024-09-10,125.84377314339417,184.98010597736928,52.451937141754776,129.1623133396401,15626889
619,2024-09-11,103.54013815686297,127.46596898424298,69.75477109865179,131.4814476109922,43846777
620,2024-09-12,183.3803598860252,75.1390765887966,145.7314730275453,129.06261229629092,33897863
621,2024-09-13,75.05272098060831,91.63315076832208,151.83019337243505,132.15666014073167,31918406
622,2024-09-14,189.74228799940363,56.23229190132364,84.66859819767495,132.1824327265264,15930646
623,2024-09-15,129.8162624532693,167.16205962565,177.1582984122289,131.5310330183127,5253019
624,2024-09-16,169.1944858091837,119.95485887437245,181.45951029278783,129.3394184139738,31621309
625,2024-09-17,186.5658564983194,191.07917878598704,76.15726715634207,128.52956781488487,9583917
626,2024-09-18,117.1279391261381,57.75825023435455,65.36366756344282,129.27594953800303,16339857
627,2024-09-19,81.12129096275103,188.82891348573406,185.15687161819898,124.29220557961739,46081003
628,2024-09-20,119.72607767502718,198.58094286199895,94.08089701417211,122.10399464130897,33187662
629,2024-09-21,199.02267703458236,152.3496362027815,105.84988960384396,124.07996333173858,38204146
630,2024-09-22,121.03539047681969,78.5454364840777,189.63782804583792,121.79761397866959,8111780
631,2024-09-23,70.67255274561842,136.8544436781596,163.11851732703553,122.57402790477971,33283368
632,2024-09-24,79.30195337656541,106.2436089852493,52.81545811249859,121.01279753034208,19886702
633,2024-09-25,122.52147697059134,113.12119984184861,157.01988113083692,118.50223122634596,11758383
634,2024-09-26,61.738787841289266,166.31627145495446,82.57504714367177,116.86461856244719,36836597
635,2024-09-27,90.68524178257614,101.70042221613997,76.67563571537421,113.07666555484688,7973357
636,2024-09-28,146.01052481066125,113.63230234561253,164.9851845714496,113.40426322137735,23589148
637,2024-09-29,66.17605924561929,175.6874638657211,169.1336353180891,110.08314450144988,27146135
638,2024-09-30,101.46335491375157,115.19295482945893,72.99455011744118,109.23453077669494,12498538
639,2024-10-01,148.35891406203007,149.4342265383437,73.38922512070194,108.61375239337292,10759927
640,2024-10-02,55.86588412470881,112.83760405526803,105.12783178618236,108.87279731982659,9671846
641,2024-10-03,71.62898770943292,123.14180010544207,106.97834539543138,109.59858415304595,42464930
642,2024-10-04,177.42652501806737,93.85402009870856,178.5890614075132,109.34251170065471,39117485
643,2024-10-05,170.8580128733421,155.660834396678,168.10262442226593,110.38523305725583,38837466
644,2024-10-06,170.96494378295003,107.43815633254806,163.48396479947377,110.17753225263674,26565997
645,2024-10-07,169.18471292880963,95.4460347925883,95.92851676394979,109.63961491633852,20449564
646,2024-10-08,175.0299131091561,63.01937060982809,62.858944558174244,112.20237448766773,41951138
647,2024-10-09,71.2704549963577,183.56781518794634,180.33370866908808,111.04915206352496,1477764
648,2024-10-10,72.93707155906816,100.3539474374758,102.15901481538381,110.8661790999762,16829313
649,2024-10-11,114.70132440974842,105.42825449788592,137.75373432637406,108.95421063886835,36980827
650,2024-10-12,180.64926962867477,187.11074704272275,60.668353920045845,108.57663286190176,7063004
651,2024-10-13,184.55077736533937,59.847847317210785,82.7491460490236,110.37936026116162,47310795
652,2024-10-14,86.21506951744183,139.25410368784492,69.80744971166526,110.85304086645957,47571464
653,2024-10-15,103.07610891828199,187.75363141599342,176.07705714447678,110.36825425481236,8290413
654,2024-10-16,119.89458624632218,116.06184343436695,49.244020446056616,111.83288829842502,6484540
655,2024-10-17,96.41519025651482,185.51369644128047,54.797125474034324,107.26727787063982,36841129
656,2024-10-18,63.68679836617906,75.44918755376499,67.93698582543162,107.29051680238827,46080947
657,2024-10-19,86.9887276893523,114.09807294689705,144.27132253896573,109.26593728304076,10687827
658,2024-10-20,177.33214843895874,109.77192321604392,65.1546558847774,111.16024848720558,21063429
659,2024-10-21,59.985328658274945,178.73768207132318,125.60211893872302,111.72589277788263,48777407
660,2024-10-22,126.45709150715959,104.14352310438711,93.22231222316101,115.68769469732307,20538733
661,2024-10-23,75.66891094994507,190.4037812321339,171.80623753423356,117.81586898805065,8564076
662,2024-10-24,60.34890779390489,125.93974910415112,92.76398486135137,119.07765070873936,30484383
663,2024-10-25,114.62414958006141,168.80180864405384,182.3159994310769,119.36808162849913,19129819
664,2024-10-26,63.7881171431611,60.755710921932945,139.0621981246819,119.73578614918156,6266422
665,2024-10-27,148.45787258184106,117.07370051098692,55.66469859983331,117.13390929331747,35875517
666,2024-10-28,171.0878135369009,129.78722946393245,125.40965991941796,117.18347894070973,47152841
667,2024-10-29,155.69881223164728,91.34999557219555,145.80740877738572,116.71432793733719,9518015
668,2024-10-30,83.15942693058292,166.40407230340685,92.46671134231619,120.03123584150518,35217004
669,2024-10-31,155.07792386318977,58.79910180060098,79.69792690206877,118.51333766761147,17722437
670,2024-11-01,161.99977520694657,73.22347506107968,137.72146298345427,115.96079484618635,45130147
671,2024-11-02,191.10757798084967,122.38968847725586,171.1168765198085,113.34965814179493,18837491
672,2024-11-03,75.27024634993384,56.153225517476464,189.30122866575394,112.63364379602271,5330979
673,2024-11-04,94.32629099944411,74.31950190544009,159.38284049166785,114.28052671026886,11016449
674,2024-11-05,78.18763114175698,122.61101838211972,47.0103461011758,117.47427064417256,42868577
675,2024-11-06,81.35937661480227,157.83063079020926,60.7971658629025,118.05728612313999,48839595
676,2024-11-07,61.511967565135386,180.18128583086718,177.72325465859325,121.46688805533313,41905046
677,2024-11-08,116.95735386852884,191.99224851537056,124.22994479209537,122.94268095187033,34769566
678,2024-11-09,163.57268724239788,126.365440705003,91.85160692592476,120.7513295647833,29535162
679,2024-11-10,191.72588141962424,72.11697766183026,109.19674373754195,122.04283530923752,10767239
680,2024-11-11,89.31028113678266,129.61349309965107,111.75172270780939,119.95801809334647,22812546
681,2024-11-12,190.51715168989946,165.76839201476486,85.24878771428016,119.63086313979608,45683912
682,2024-11-13,113.2782843441766,88.85324040961635,124.41675169620777,120.99824997119956,16422192
683,2024-11-14,172.14585492979717,198.1206793308392,166.39785402451957,121.31676640962056,11318561
684,2024-11-15,188.79187658733176,156.60740936411884,83.33426839499913,121.24838425919837,10864915
685,2024-11-16,188.8736360942637,132.59611556527653,49.299448762061296,121.08355826523993,18730542
686,2024-11-17,162.07832300906568,192.03429885495729,47.67772662464401,120.1660246263521,48223611
687,2024-11-18,69.2359826628333,60.52412089601243,87.46806993848897,120.10023456425974,36331965
688,2024-11-19,122.62653177076126,73.6259609930117,54.542342571681445,120.03183183364567,42440174
689,2024-11-20,115.7422656966638,56.81769697559058,105.89167415224848,122.31637920297223,34944433
690,2024-11-21,88.29421186258642,180.18343844514445,69.34926200133042,122.93247343181581,3551782
691,2024-11-22,87.88833196273946,145.51524882586222,152.89570532619916,125.94435793953394,7805450
692,2024-11-23,163.10078112046347,82.23050538528355,139.97531595258306,129.84376323422376,7270877
693,2024-11-24,145.08855435848892,110.15920775413225,105.4743398591608,131.87265986668427,4931667
694,2024-11-25,72.8274602647542,195.13841852389075,169.1264065517734,134.40610248407208,2744195
695,2024-11-26,164.8246993500013,96.13207862269837,48.69899315311749,133.61034497498838,14003273
696,2024-11-27,149.77824158342787,180.72881619885055,94.06483258470227,133.17490307482356,29449515
697,2024-11-28,72.83458034478645,208.65603195750538,149.53520775633476,129.48998744994398,25875578
698,2024-11-29,88.80961453740204,101.16391379156605,132.71950371206987,130.0728988363605,41026082
699,2024-11-30,130.23192376510343,131.56334532816902,128.61072267005883,131.49109422680024,38745160
700,2024-12-01,92.36059236789814,202.44172774617005,101.17542659078691,134.00934027729326,16476162
701,2024-12-02,85.64893684755297,181.86895368553922,173.0812689936204,130.02956747156372,24084198
702,2024-12-03,113.34893912174388,98.36960106748177,114.34181437324257,129.7806678683211,4035086
703,2024-12-04,98.53070131033277,102.31952441588045,46.027371435444856,131.03304260425057,24783578
704,2024-12-05,136.6221541413271,138.94558080980588,68.48643726651585,135.4833158013324,49574849
705,2024-12-06,187.91327842642897,109.55276290284318,90.4752919279085,136.40528050128748,37458119
706,2024-12-07,193.9585777443048,70.60925840399396,78.61149700357419,134.55188908356567,34387574
707,2024-12-08,70.02711886489271,161.6596141267156,157.84360581681236,131.76950624879953,29409519
708,2024-12-09,149.02154600391228,161.68450800073657,83.93651288465122,130.99229912052834,1798134
709,2024-12-10,154.28686017484097,138.04705205806027,100.94446465081478,132.86548443155888,8210386
710,2024-12-11,143.74135777309232,60.40401331669856,116.29842611046674,132.43341871566867,35405332
711,2024-12-12,116.23035959593496,152.73489258012012,90.06788108259434,131.53235599193087,4125043
712,2024-12-13,111.18133069580333,196.89663302905404,158.96475783684258,130.66380175524705,43900072
713,2024-12-14,104.53618970727565,116.10862850741033,158.0546584068532,130.0684931500005,44521282
714,2024-12-15,172.42290794573427,163.90507229354222,141.97149306039597,130.37891981930807,36152404
715,2024-12-16,127.17361030688609,187.94103005552822,48.19882123146001,129.8374746816364,48903854
716,2024-12-17,175.59447261733106,75.008267815813,110.8437578742273,131.8566856913642,48911133
717,2024-12-18,169.093899402241,171.87481057397014,156.64673315654068,131.07884621775347,7826378
718,2024-12-19,124.90318712342578,117.76499397120293,181.8554747008676,135.83684197322668,37561617
719,2024-12-20,60.02782795520617,119.30819785412059,103.47250794285182,137.56899819637965,18923009
720,2024-12-21,79.76322542101957,180.47690192074197,178.90943195026972,136.73213898378685,44619282
721,2024-12-22,159.69398104337841,171.42745867247083,129.17367389851898,138.13771052251207,19823883
722,2024-12-23,182.5183867788078,72.50135723159877,176.91088321723652,136.9522205758791,12440245
723,2024-12-24,133.5406056586192,109.31801103265568,169.38830799078656,140.14612035563005,11261249
724,2024-12-25,172.44124537162048,167.93484129094838,48.739651501587424,141.35753476941272,41199005
725,2024-12-26,175.92201035356646,90.793686609004,140.30629626848582,137.26738075118732,3763593
726,2024-12-27,150.57262993386001,72.98971654155665,51.0412190960844,140.74769393290268,32708576
727,2024-12-28,194.73595687753692,160.1997581290733,63.657372479950304,140.64662688965782,38841856
728,2024-12-29,128.4946192667935,154.07684489918978,153.9228362918414,140.57840784044362,21232867
729,2024-12-30,90.74191009234448,181.55415755047358,83.12950908807282,142.25775423397923,41396046
730,2024-12-31,130.39569579932248,73.32082455336868,114.04865095701258,141.97130814576076,23441644
